UDI,Type,Air temperature,Process temperature,Rotational speed,Torque,Tool wear,Failure
1,M,298.1,323.7407407,1551,42.8,0,0
2,L,298.2,324.1111111,1408,46.3,3,0
3,L,298.1,323.3703704,1498,49.4,5,0
4,L,298.2,323.7407407,1433,39.5,7,0
5,L,298.2,324.1111111,1408,40,9,0
6,M,298.1,323.7407407,1425,41.9,11,0
7,L,298.1,323.7407407,1558,42.4,14,0
8,L,298.1,323.7407407,1527,40.2,16,0
9,M,298.3,324.1111111,1667,28.6,18,0
10,M,298.5,325.2222222,1741,28,21,0
11,H,298.4,324.8518519,1782,23.9,24,0
12,H,298.6,325.5925926,1423,44.3,29,0
13,M,298.6,325.5925926,1339,51.1,34,0
14,M,298.6,325.962963,1742,30,37,0
15,L,298.6,325.962963,2035,19.6,40,0
16,L,298.6,325.962963,1542,48.4,42,0
17,M,298.6,325.962963,1311,46.6,44,0
18,M,298.7,325.962963,1410,45.6,47,0
19,H,298.8,325.962963,1306,54.5,50,0
20,M,298.9,326.3333333,1632,32.5,55,0
21,H,298.9,326.3333333,1375,42.7,58,0
22,L,298.8,326.3333333,1450,44.8,63,0
23,M,298.9,326.3333333,1581,30.7,65,0
24,L,299,326.7037037,1758,25.7,68,0
25,M,299,326.7037037,1561,37.3,70,0
26,L,299,327.0740741,1861,23.3,73,0
27,L,299.1,327.0740741,1512,39,75,0
28,H,299.1,326.7037037,1811,24.6,77,0
29,L,299.1,326.7037037,1439,44.2,82,0
30,L,299,326.7037037,1693,30.1,84,0
31,M,299.1,327.0740741,1339,48.2,86,0
32,L,299,326.7037037,1798,25.5,89,0
33,L,299,326.7037037,1419,48.3,91,0
34,L,298.9,326.3333333,1665,32.5,93,0
35,M,298.8,325.5925926,1559,34.7,95,0
36,M,298.8,325.962963,1452,48.6,98,0
37,M,298.9,325.962963,1581,36.7,101,0
38,L,298.8,325.5925926,1439,39.2,104,0
39,H,298.9,325.962963,1379,50.7,106,0
40,L,298.8,325.5925926,1350,52.5,111,0
41,L,298.8,325.5925926,1362,45.4,113,0
42,L,298.8,325.5925926,1368,50.8,115,0
43,M,298.8,325.5925926,1368,49.1,117,0
44,H,298.8,325.962963,1372,48.5,120,0
45,M,298.8,325.5925926,1472,47.5,125,0
46,L,298.8,325.5925926,1489,49.1,128,0
47,M,298.7,325.2222222,1843,25.8,130,0
48,L,298.8,325.5925926,1418,46.3,133,0
49,H,298.8,325.962963,1425,53.9,135,0
50,M,298.9,325.962963,1412,44.1,140,0
51,L,298.9,325.5925926,2861,4.6,143,1
52,L,298.9,325.5925926,1383,54.9,145,0
53,H,298.8,325.2222222,1497,43.8,147,0
54,L,298.7,325.2222222,1565,35.1,152,0
55,L,298.7,325.2222222,1691,30.1,154,0
56,L,298.8,325.5925926,1512,40.7,156,0
57,L,298.8,325.5925926,1477,42.4,158,0
58,L,298.8,325.5925926,1513,40.3,160,0
59,M,298.8,325.2222222,1661,29.5,162,0
60,L,298.8,325.5925926,1378,54.4,165,0
61,L,298.8,325.5925926,1393,52.6,167,0
62,M,298.8,325.2222222,1592,38.2,169,0
63,L,298.8,325.2222222,1829,22.9,172,0
64,M,298.9,325.2222222,1812,25.9,174,0
65,L,299,325.5925926,1523,38.6,177,0
66,L,299,325.5925926,1394,45.1,179,0
67,M,298.9,324.8518519,1679,28.7,181,0
68,H,298.8,324.8518519,1466,44.1,184,0
69,L,298.8,324.8518519,1527,32.4,189,0
70,L,298.9,325.2222222,1410,65.7,191,1
71,M,298.9,325.2222222,1924,22.6,193,0
72,L,298.9,325.5925926,1452,45.5,196,0
73,L,298.9,325.5925926,1369,44.4,198,0
74,L,299,325.5925926,1592,35,200,0
75,L,298.9,325.2222222,1601,32.3,202,0
76,L,298.8,324.8518519,1379,46.7,204,0
77,L,298.8,324.8518519,1461,47.9,206,0
78,L,298.8,324.8518519,1455,41.3,208,1
79,L,298.8,324.8518519,1398,51.5,0,0
80,L,298.8,324.8518519,1402,37.9,2,0
81,H,298.8,324.4814815,1445,49.9,4,0
82,L,298.9,324.8518519,1450,47.5,9,0
83,L,298.9,324.8518519,1453,40.8,11,0
84,L,299,325.2222222,1469,40.1,13,0
85,L,298.9,324.8518519,1422,47.6,15,0
86,M,299,325.2222222,1804,26.8,17,0
87,H,299,325.2222222,1436,43.9,20,0
88,L,299,325.2222222,1544,31.8,25,0
89,M,299,325.2222222,1419,45.2,27,0
90,M,298.9,324.8518519,1487,39.5,30,0
91,L,298.9,324.8518519,1753,25.8,33,0
92,L,298.9,324.8518519,1830,24.9,35,0
93,M,298.9,324.8518519,1727,27.1,37,0
94,L,299.1,325.2222222,1450,43,40,0
95,L,299,324.8518519,1622,31.9,42,0
96,M,299,325.2222222,1351,52.2,44,0
97,M,299,325.2222222,1575,35.3,47,0
98,M,298.9,324.8518519,1750,29.9,50,0
99,L,298.9,324.4814815,1529,32.7,53,0
100,L,298.8,324.4814815,1523,44.4,55,0
101,L,298.8,324.8518519,1852,25,57,0
102,L,298.8,324.4814815,1991,20.7,59,0
103,L,298.8,324.4814815,1555,40.6,61,0
104,M,298.8,324.4814815,1441,40.5,63,0
105,L,298.8,324.1111111,1450,43.4,66,0
106,L,298.8,324.1111111,1591,31.1,68,0
107,L,298.8,324.1111111,1445,48.5,70,0
108,M,298.8,324.4814815,1497,46.8,72,0
109,H,298.9,324.4814815,1621,32.7,75,0
110,L,298.9,324.1111111,1572,34.1,80,0
111,L,298.8,323.7407407,1872,22.5,82,0
112,H,298.7,323.7407407,1499,43.5,84,0
113,M,298.8,324.1111111,1498,39.5,89,0
114,M,298.8,323.7407407,1486,41.9,92,0
115,L,298.8,323.7407407,1680,29.4,95,0
116,L,298.8,323.7407407,1431,45.7,97,0
117,L,298.9,324.1111111,1564,34.1,99,0
118,L,298.8,323.7407407,1599,33,101,0
119,M,298.8,323.7407407,1707,28.1,103,0
120,L,298.7,323.3703704,1467,40.7,106,0
121,L,298.9,324.1111111,1433,44.7,108,0
122,L,298.9,324.1111111,1558,41.2,110,0
123,L,299,324.4814815,1310,50.7,112,0
124,L,298.9,324.1111111,1546,43.4,114,0
125,L,298.9,324.1111111,1727,29.4,116,0
126,L,298.9,323.7407407,1560,32.2,118,0
127,L,299,323.7407407,1329,60.5,120,0
128,L,298.9,323.7407407,1413,46.5,122,0
129,L,299,323.7407407,1587,38.6,124,0
130,L,298.9,323.3703704,1559,34.3,126,0
131,L,298.8,323,1473,41.1,128,0
132,L,298.8,323,1737,27.7,130,0
133,M,298.7,323,1441,43.2,132,0
134,M,298.7,323,1430,49.6,135,0
135,L,298.8,323,1369,53,138,0
136,M,298.8,323.3703704,1711,28.5,140,0
137,H,298.7,323.3703704,1420,45.7,143,0
138,L,298.7,323.7407407,1297,55.3,148,0
139,H,298.8,323.7407407,1449,49.4,150,0
140,L,298.8,323.7407407,1268,55.8,155,0
141,L,298.8,323.7407407,1511,36.1,157,0
142,L,298.7,323.3703704,1544,35.2,159,0
143,M,298.6,323,1778,28.2,161,0
144,H,298.6,323,1407,50.5,164,0
145,M,298.6,323,1391,42.4,169,0
146,L,298.5,323,1513,33.6,172,0
147,H,298.5,323,1612,36.1,174,0
148,L,298.4,323,1515,40.1,179,0
149,M,298.3,322.6296296,1379,48,181,0
150,L,298.4,322.6296296,1473,39.9,184,0
151,L,298.4,322.6296296,1422,42.7,186,0
152,M,298.4,322.2592593,1463,37.6,188,0
153,M,298.4,322.2592593,1584,41,191,0
154,L,298.4,322.2592593,1850,27,194,0
155,L,298.4,322.2592593,1528,36.2,196,0
156,H,298.4,322.2592593,1987,19.8,198,0
157,M,298.4,321.8888889,1495,46,203,0
158,H,298.4,322.2592593,1478,43.5,206,0
159,M,298.4,322.2592593,1499,40,211,0
160,L,298.4,322.2592593,1471,47,214,0
161,L,298.4,322.2592593,1282,60.7,216,1
162,L,298.3,321.8888889,1412,52.3,218,1
163,L,298.3,321.8888889,1586,35.5,0,0
164,M,298.4,322.2592593,1468,43.8,2,0
165,M,298.5,322.6296296,1440,43.6,5,0
166,L,298.5,323,1733,26,8,0
167,H,298.4,322.2592593,1612,32.6,10,0
168,H,298.4,322.6296296,1458,42.9,15,0
169,L,298.4,322.6296296,1433,62.3,20,1
170,L,298.4,322.6296296,1318,59.1,22,0
171,M,298.4,322.2592593,1610,35,24,0
172,L,298.2,321.8888889,1462,50.8,27,0
173,M,298.1,321.5185185,1924,20.8,29,0
174,M,298.2,321.5185185,1591,33.7,32,0
175,L,298.2,321.8888889,1306,58.3,35,0
176,L,298.2,321.8888889,1382,43.5,37,0
177,L,298.2,321.8888889,1618,34.7,39,0
178,L,298.2,322.2592593,1988,21.4,41,0
179,L,298.2,322.2592593,1436,50.2,43,0
180,L,298.2,322.6296296,1304,49.8,45,0
181,L,298.2,322.6296296,1475,49.9,47,0
182,H,298.2,322.6296296,1824,24.2,49,0
183,M,298.1,322.2592593,1342,48.1,54,0
184,L,298.1,322.2592593,1485,40.7,57,0
185,L,298.2,322.2592593,1667,30.6,59,0
186,L,298.2,322.2592593,1446,38.2,61,0
187,L,298.1,322.6296296,1301,56,63,0
188,L,298.2,323,1379,43.1,65,0
189,L,298.3,323.3703704,1606,33.6,67,0
190,M,298.3,323,1539,43.4,69,0
191,L,298.2,323,1477,49.9,72,0
192,L,298.2,323,1666,34.6,74,0
193,H,298.2,323,1398,51.8,76,0
194,H,298.2,323,1678,34.6,81,0
195,M,298.2,323.3703704,2678,10.7,86,1
196,L,298.3,323.3703704,1453,42.9,89,0
197,H,298.3,323.7407407,1432,49.5,91,0
198,M,298.4,323.7407407,1527,40.9,96,0
199,L,298.4,324.1111111,1588,35,99,0
200,L,298.4,323.7407407,1433,47.1,101,0
201,L,298.4,323.7407407,1609,35,103,0
202,L,298.3,323.3703704,1575,41.2,105,0
203,M,298.4,323.3703704,1636,35.7,107,0
204,L,298.4,323.3703704,1490,37.9,110,0
205,L,298.4,323.3703704,1741,32.8,112,0
206,M,298.5,323.7407407,1344,53,114,0
207,L,298.5,324.1111111,1609,35.3,117,0
208,M,298.4,324.1111111,1421,60.7,119,1
209,L,298.4,323.7407407,1591,36.7,122,0
210,L,298.4,323.7407407,1477,44,124,0
211,L,298.4,324.1111111,1523,36.1,126,0
212,L,298.5,324.1111111,1575,33.9,128,0
213,H,298.4,324.1111111,1344,52.9,130,0
214,L,298.4,324.1111111,1386,44.9,135,0
215,M,298.3,323.7407407,1589,37.1,137,0
216,L,298.3,323.7407407,1548,40.3,140,0
217,L,298.3,323.7407407,1499,38.3,142,0
218,L,298.3,323.3703704,1664,31.6,144,0
219,L,298.3,323.7407407,1447,38.1,146,0
220,M,298.3,323.3703704,1434,46.2,148,0
221,L,298.3,323.3703704,1416,52.7,151,0
222,H,298.4,323.3703704,1827,24.3,153,0
223,L,298.4,323.7407407,1304,45,158,0
224,L,298.4,323.7407407,1569,34.4,160,0
225,L,298.3,323.7407407,1584,29.3,162,0
226,L,298.3,323.3703704,1362,53.8,164,0
227,L,298.3,323,1329,49.2,166,0
228,L,298.3,323.3703704,1539,36.1,168,0
229,M,298.3,323.3703704,1629,37.1,170,0
230,L,298.3,323.3703704,1538,32.2,173,0
231,L,298.3,323.7407407,1570,34.8,175,0
232,L,298.3,323,1408,43.1,177,0
233,L,298.2,323,1424,47.6,179,0
234,L,298.2,323,1512,34.9,181,0
235,L,298.2,323,1478,42.9,183,0
236,M,298.1,322.6296296,1680,33.7,185,0
237,L,298.1,322.6296296,1495,38.7,188,0
238,M,298,321.8888889,1552,36.6,190,0
239,L,297.9,321.8888889,1393,50.3,193,0
240,L,298,322.2592593,1611,30.6,195,0
241,M,298,321.8888889,1339,51.6,197,0
242,L,298,321.8888889,1777,24.3,200,0
243,L,298,322.2592593,1348,58.8,202,1
244,L,298,322.2592593,1442,44.1,204,0
245,M,298,322.2592593,1395,49.1,206,0
246,M,297.9,321.8888889,1627,31.4,209,0
247,L,297.9,321.8888889,1585,33.5,212,0
248,L,298,322.2592593,1469,45.5,214,0
249,L,298,322.6296296,1362,56.8,216,1
250,L,298,322.6296296,1405,56.2,218,1
251,L,298,322.6296296,1662,32.7,0,0
252,M,298,322.2592593,1466,42.6,2,0
253,L,298,322.2592593,1620,35.8,5,0
254,L,298,322.2592593,1357,48.2,7,0
255,L,298,322.2592593,1514,37.9,9,0
256,L,298,322.2592593,1489,40.4,11,0
257,L,298.1,322.6296296,1331,63,13,0
258,L,298,321.5185185,1615,29.5,15,0
259,L,298.1,322.2592593,1482,37.9,17,0
260,M,298.1,322.2592593,1420,63.9,19,1
261,M,298.2,322.6296296,1522,49.1,22,0
262,L,298.1,322.2592593,1654,32.1,25,0
263,M,298.1,322.2592593,1736,26.8,27,0
264,M,298,321.8888889,1587,32.3,30,0
265,L,298.1,322.2592593,1390,47.5,33,0
266,L,298,321.8888889,1454,37.1,35,0
267,H,298,321.8888889,1440,43.7,37,0
268,L,297.9,321.5185185,1954,21.1,42,0
269,H,297.9,321.5185185,1800,24.8,44,0
270,L,298,321.5185185,1524,37,49,0
271,H,298,321.5185185,1520,39.6,51,0
272,M,298.1,321.8888889,1452,40.8,56,0
273,L,298.1,321.8888889,1484,40.4,59,0
274,L,298.1,321.5185185,1426,46,61,0
275,L,298.1,321.5185185,1652,28.5,63,0
276,L,298,321.5185185,1401,54.7,65,0
277,M,298,321.1481481,1750,26.6,67,0
278,H,298,321.5185185,1479,50.7,70,0
279,M,298,321.5185185,1620,29.4,75,0
280,L,298,321.8888889,1819,23.4,78,0
281,M,298.1,321.8888889,1456,43.7,80,0
282,L,298.1,321.5185185,1626,36.5,83,0
283,M,298.1,321.8888889,1390,49.8,85,0
284,L,298.2,322.2592593,1469,43,88,0
285,L,298.2,322.6296296,2051,19.2,90,0
286,L,298.2,322.6296296,1568,36,92,0
287,L,298.2,322.6296296,1589,33.2,94,0
288,L,298.2,322.6296296,1805,31.6,96,0
289,H,298.2,323,1385,42.2,98,0
290,L,298.1,323,1436,46.7,103,0
291,L,298.1,323,1438,45.6,105,0
292,L,298,322.6296296,1473,42.6,107,0
293,L,298.1,323,1335,40.2,109,0
294,H,298.1,323.3703704,1392,44.8,111,0
295,M,298.1,323.3703704,1372,51.1,116,0
296,M,298.1,323.7407407,1716,30.7,119,0
297,L,298,323.3703704,1395,46.2,122,0
298,L,298,323.3703704,1713,25.3,124,0
299,H,297.9,323.3703704,2129,18.7,126,0
300,M,297.8,322.6296296,1567,35.6,131,0
301,L,297.8,323,1622,38.3,134,0
302,L,297.7,323,1740,27.1,136,0
303,H,297.8,323,1512,35.1,138,0
304,M,297.8,323,1479,43.5,143,0
305,L,297.8,323,1737,27.5,146,0
306,L,297.8,323,2129,19.2,148,0
307,L,297.8,323,1374,47.1,150,0
308,M,297.8,323,1579,36.6,152,0
309,L,297.9,323.3703704,1305,47.2,155,0
310,M,297.9,323.3703704,1449,40.8,157,0
311,H,298,323.7407407,1526,41.8,160,0
312,M,298,323.7407407,1453,44.1,165,0
313,L,297.9,323.7407407,1468,36,168,0
314,L,298,323.7407407,1313,50.8,170,0
315,M,297.9,323.3703704,1300,53,172,0
316,L,297.9,323,1646,40.6,175,0
317,L,297.8,323,1714,33.2,177,0
318,L,297.8,323,1685,28.4,179,0
319,L,297.8,323,1512,39.9,181,0
320,L,297.8,323,1612,32.1,183,0
321,H,297.8,323,1550,38.2,185,0
322,L,297.8,323,1518,32.5,190,0
323,L,297.8,323.3703704,1448,40,192,0
324,L,297.8,323.3703704,1561,46.3,194,0
325,M,297.8,323.3703704,1488,41.9,196,0
326,L,297.8,323.3703704,1699,27.8,199,0
327,L,297.7,323.3703704,1501,41.4,201,0
328,L,297.7,323.3703704,1373,56.7,203,1
329,H,297.6,323,1703,31.4,205,0
330,H,297.7,323.3703704,1720,29.9,210,0
331,M,297.6,323,1398,41.9,215,0
332,M,297.6,323,1391,51.9,218,0
333,M,297.6,322.6296296,1538,40.2,0,0
334,L,297.5,322.2592593,1647,31.3,3,0
335,M,297.5,321.8888889,1469,44.8,5,0
336,L,297.4,321.8888889,1749,25.9,8,0
337,M,297.6,322.2592593,1995,20.5,10,0
338,L,297.6,322.6296296,1742,27.7,13,0
339,L,297.5,322.2592593,1563,38.2,15,0
340,M,297.5,322.2592593,1713,32.2,17,0
341,L,297.4,321.8888889,1474,39.4,20,0
342,M,297.4,322.2592593,1530,32.6,22,0
343,L,297.4,322.2592593,1471,46.5,25,0
344,L,297.5,322.6296296,1388,48.6,27,0
345,M,297.5,322.2592593,2448,13.8,29,0
346,L,297.5,322.6296296,1585,32.9,32,0
347,M,297.5,322.6296296,1459,45.2,34,0
348,L,297.5,322.6296296,1544,40.8,37,0
349,L,297.6,322.6296296,1617,31.7,39,0
350,L,297.6,322.6296296,1595,34.3,41,0
351,H,297.6,322.6296296,1400,44.3,43,0
352,M,297.6,323,1611,31,48,0
353,M,297.6,323,1507,46,51,0
354,H,297.5,322.6296296,1674,30,54,0
355,L,297.6,322.6296296,1658,34.3,59,0
356,L,297.6,322.6296296,1623,36.9,61,0
357,M,297.6,323,1398,48.9,63,0
358,L,297.6,323,1517,34.2,66,0
359,M,297.6,322.6296296,1467,36.7,68,0
360,M,297.6,322.6296296,1567,34.6,71,0
361,M,297.5,322.6296296,1521,38.2,74,0
362,L,297.5,322.6296296,1596,36.8,77,0
363,H,297.6,322.6296296,1640,30.9,79,0
364,L,297.6,322.6296296,1438,47.8,84,0
365,L,297.6,323,1407,55.2,86,0
366,L,297.6,323,1353,57.5,88,0
367,M,297.6,323.3703704,1552,40.9,90,0
368,M,297.6,323,1569,38.3,93,0
369,L,297.5,323,1489,39.5,96,0
370,H,297.5,323,1587,36.1,98,0
371,M,297.5,322.6296296,1622,37.2,103,0
372,L,297.5,323,1604,38.1,106,0
373,M,297.4,322.6296296,1405,51.7,108,0
374,L,297.4,322.6296296,1412,42,111,0
375,L,297.4,322.6296296,1431,43,113,0
376,L,297.4,322.2592593,1533,37.4,115,0
377,M,297.4,322.2592593,1401,51.9,117,0
378,M,297.4,322.2592593,1424,53.9,120,0
379,L,297.3,322.2592593,1754,29.4,123,0
380,L,297.3,322.2592593,1754,26.8,125,0
381,L,297.5,322.6296296,2564,12.8,127,1
382,L,297.5,323.3703704,1546,40.4,129,0
383,L,297.5,323.3703704,1335,48,131,0
384,M,297.5,323.7407407,1842,27,133,0
385,L,297.5,323.3703704,1712,26.8,136,0
386,M,297.6,323.7407407,1414,45.4,138,0
387,L,297.6,324.1111111,1319,50.9,141,0
388,L,297.7,324.1111111,1249,60.4,143,0
389,L,297.6,324.1111111,1455,48.2,145,0
390,M,297.6,324.1111111,1408,54.8,147,0
391,L,297.6,324.1111111,1460,46.7,150,0
392,L,297.6,323.7407407,1491,38.1,152,0
393,M,297.6,323.3703704,1490,43.4,154,0
394,M,297.5,323,1350,52.2,157,0
395,L,297.5,323,1528,39.9,160,0
396,L,297.4,322.6296296,1571,37.7,162,0
397,L,297.4,322.6296296,1490,42.6,164,0
398,M,297.4,322.6296296,1774,28.9,166,0
399,H,297.4,322.6296296,1502,43.6,169,0
400,L,297.4,323,1392,49.7,174,0
401,L,297.4,323.3703704,2100,16.9,176,0
402,L,297.5,323.3703704,1722,30.4,178,0
403,L,297.4,323.7407407,1678,32.3,180,0
404,L,297.3,323.7407407,1273,59.8,182,0
405,L,297.3,323.7407407,1297,45.9,184,0
406,L,297.3,323.3703704,1350,57.6,186,0
407,L,297.4,323.7407407,1439,51.9,188,0
408,M,297.4,323.3703704,1600,42.1,190,0
409,M,297.4,323.7407407,1434,44.4,193,0
410,L,297.4,323.7407407,1459,41.3,196,0
411,M,297.5,323.7407407,1472,44.9,198,0
412,L,297.5,324.1111111,1429,44.3,201,0
413,L,297.5,323.7407407,1388,48.2,203,0
414,L,297.4,323,1573,34.5,205,0
415,L,297.4,323,1588,32.5,207,0
416,L,297.5,323,1511,42.8,209,0
417,L,297.4,323.3703704,1495,37.8,211,0
418,L,297.4,323,1394,50.1,213,0
419,L,297.4,323,2151,17.7,0,0
420,M,297.3,322.6296296,1501,38.2,2,0
421,M,297.3,322.6296296,1301,39.6,5,0
422,M,297.3,322.6296296,1657,31.1,8,0
423,L,297.3,322.6296296,1333,55.2,11,0
424,L,297.3,322.6296296,1484,43.9,13,0
425,L,297.3,323,1430,45.7,15,0
426,M,297.3,323,1665,28.9,17,0
427,L,297.4,323.3703704,1501,44.9,20,0
428,M,297.5,323.3703704,1496,42.2,22,0
429,M,297.6,323.7407407,1595,36.9,25,0
430,L,297.5,323.7407407,1208,62.3,28,0
431,L,297.5,323.7407407,1596,37.1,30,0
432,L,297.5,323.3703704,1446,41.9,32,0
433,M,297.6,323.3703704,1466,39.7,34,0
434,M,297.6,323.3703704,1848,23.7,37,0
435,M,297.5,323.3703704,1484,44.7,40,0
436,L,297.4,322.6296296,1493,41.2,43,0
437,L,297.3,322.6296296,1504,36.3,45,0
438,L,297.3,322.6296296,1538,38.5,47,0
439,L,297.4,323,1341,52.2,49,0
440,M,297.4,322.6296296,1535,34.6,51,0
441,L,297.4,323.3703704,1389,39.2,54,0
442,H,297.5,323.3703704,1393,46.6,56,0
443,L,297.4,323.3703704,1399,61.5,61,1
444,H,297.4,323.3703704,1469,45.1,63,0
445,L,297.4,323,1582,37.2,68,0
446,L,297.5,323.7407407,1793,26.7,70,0
447,L,297.5,323.7407407,1452,39,72,0
448,M,297.6,324.1111111,1376,59.9,74,0
449,L,297.5,323.7407407,1552,44.9,77,0
450,L,297.6,324.1111111,1622,37.9,79,0
451,M,297.6,324.1111111,1419,41.7,81,0
452,H,297.5,323.7407407,1440,46.1,84,0
453,M,297.4,323.7407407,1643,31,89,0
454,L,297.4,324.1111111,1510,36.2,92,0
455,L,297.4,324.1111111,1468,46.6,94,0
456,L,297.4,324.1111111,1429,57.4,96,0
457,H,297.3,324.1111111,1478,47.6,98,0
458,L,297.4,323.7407407,1276,53.6,103,0
459,L,297.3,323.7407407,1486,42.6,105,0
460,L,297.4,323.7407407,1476,42.3,107,0
461,H,297.3,323.7407407,1431,42,109,0
462,L,297.4,324.1111111,1402,40.2,114,0
463,L,297.4,324.1111111,1433,43.4,116,0
464,L,297.4,324.1111111,2874,4.2,118,1
465,L,297.3,323.7407407,1511,35.7,120,0
466,M,297.3,323.7407407,1456,42.9,122,0
467,L,297.2,323.3703704,1550,41.5,125,0
468,L,297.2,323.3703704,2182,16.5,127,0
469,L,297.3,324.1111111,1619,31.6,129,0
470,M,297.3,324.4814815,1586,32.7,131,0
471,H,297.3,324.4814815,1499,44.2,134,0
472,H,297.3,324.4814815,1419,42.4,139,0
473,M,297.4,325.2222222,1497,41.8,144,0
474,M,297.4,325.2222222,1520,37,147,0
475,L,297.4,325.5925926,1478,49.8,150,0
476,L,297.4,325.5925926,1380,41.1,152,0
477,L,297.4,325.2222222,1570,37.9,154,0
478,H,297.4,325.2222222,1468,41.4,156,0
479,L,297.4,325.2222222,1833,22.6,161,0
480,M,297.4,324.8518519,1323,57.3,163,0
481,L,297.4,325.2222222,1583,32,166,0
482,M,297.3,325.2222222,1556,39.5,168,0
483,L,297.3,325.2222222,1548,37.4,171,0
484,L,297.4,325.2222222,1324,56.9,173,0
485,L,297.4,325.2222222,1568,33.7,175,0
486,M,297.4,325.2222222,1685,30.7,177,0
487,M,297.4,325.5925926,1582,35.9,180,0
488,M,297.4,325.5925926,1463,35,183,0
489,L,297.4,325.962963,1584,42.8,186,0
490,M,297.5,325.962963,1347,55.8,188,0
491,L,297.4,325.962963,1459,37.9,191,0
492,L,297.4,325.962963,1420,45.6,193,0
493,L,297.5,326.3333333,1404,43.5,195,0
494,L,297.5,326.3333333,1470,38.8,197,0
495,L,297.6,326.7037037,1326,49.8,199,0
496,H,297.5,326.3333333,1459,49.7,201,0
497,M,297.5,325.962963,1530,40,206,0
498,L,297.4,325.2222222,1505,39.2,209,0
499,L,297.5,325.5925926,1611,30.2,211,0
500,L,297.5,325.5925926,1515,35.1,213,0
501,M,297.5,325.962963,1804,27.4,215,0
502,M,297.6,326.3333333,1464,46.2,218,0
503,L,297.6,325.962963,1390,43.3,221,0
504,M,297.6,325.962963,1442,48.1,0,0
505,M,297.6,326.3333333,1529,41.9,3,0
506,L,297.6,326.3333333,1610,35,6,0
507,L,297.6,326.3333333,1543,34.3,8,0
508,H,297.8,326.7037037,1445,48.2,10,0
509,L,297.7,326.3333333,1893,24.6,15,0
510,M,297.6,326.3333333,1415,41.3,17,0
511,L,297.5,326.3333333,1564,37.5,20,0
512,L,297.5,326.3333333,1479,39.4,22,0
513,L,297.5,325.962963,1426,44.8,24,0
514,L,297.4,325.962963,1428,38.8,26,0
515,L,297.4,325.962963,1620,33.2,28,0
516,L,297.5,325.962963,1715,28,30,0
517,L,297.5,326.3333333,1732,29.9,32,0
518,M,297.5,326.7037037,1391,58.2,34,0
519,L,297.6,327.0740741,1924,20.6,37,0
520,M,297.7,327.0740741,2027,19.8,39,0
521,L,297.6,327.0740741,1617,36.2,42,0
522,L,297.5,326.7037037,1497,35.8,44,0
523,M,297.5,327.0740741,1448,43.7,46,0
524,L,297.4,326.7037037,1401,45.9,49,0
525,L,297.4,326.7037037,1620,35.4,51,0
526,L,297.4,326.7037037,1466,45.5,53,0
527,L,297.6,327.0740741,1373,50.6,55,0
528,M,297.6,327.4444444,1592,35.8,57,0
529,M,297.5,327.0740741,1553,42.4,60,0
530,L,297.6,327.0740741,1569,36.2,63,0
531,M,297.6,327.0740741,1709,32.2,65,0
532,L,297.6,327.0740741,1549,34.9,68,0
533,L,297.5,326.7037037,1443,45.4,70,0
534,L,297.5,326.3333333,1675,29.8,72,0
535,L,297.5,326.3333333,1623,33.4,74,0
536,H,297.4,326.3333333,1365,52.4,76,0
537,L,297.4,326.3333333,1759,24.8,81,0
538,H,297.4,326.3333333,1516,43,83,0
539,M,297.4,326.3333333,1499,36.8,88,0
540,M,297.4,326.3333333,1775,25.8,91,0
541,L,297.4,326.7037037,1473,45.5,94,0
542,L,297.4,326.7037037,1296,52.3,96,0
543,L,297.5,326.7037037,1803,24.7,98,0
544,H,297.5,326.3333333,1563,36.1,100,0
545,M,297.5,326.7037037,1831,26.6,105,0
546,L,297.6,326.7037037,1958,22.1,108,0
547,L,297.5,326.7037037,1809,24.3,110,0
548,M,297.5,326.7037037,1482,39.3,112,0
549,L,297.4,326.3333333,1332,53.2,115,0
550,L,297.4,325.962963,1437,40.4,117,0
551,L,297.4,325.962963,1698,29.4,119,0
552,L,297.4,325.962963,1274,54.3,121,0
553,M,297.4,326.3333333,1622,35,123,0
554,M,297.4,326.3333333,1564,36,126,0
555,H,297.5,326.7037037,1368,45.3,129,0
556,M,297.4,326.7037037,1539,42.2,134,0
557,L,297.5,326.7037037,1357,50.1,137,0
558,M,297.5,326.7037037,1433,48.3,139,0
559,L,297.5,326.7037037,1650,34.6,142,0
560,L,297.5,326.7037037,1503,40.6,144,0
561,L,297.5,326.7037037,1318,58.2,146,0
562,M,297.5,326.7037037,1678,34.4,148,0
563,L,297.6,327.0740741,1574,30.9,151,0
564,L,297.7,327.4444444,1529,35.2,153,0
565,H,297.6,327.4444444,1669,32.1,155,0
566,H,297.7,327.8148148,1570,35.8,160,0
567,M,297.6,327.8148148,1541,33.7,165,0
568,M,297.7,327.8148148,1680,30.2,168,0
569,L,297.8,327.8148148,1935,22.1,171,0
570,M,297.7,327.4444444,1596,35.2,173,0
571,L,297.7,327.8148148,1498,41,176,0
572,M,297.8,328.1851852,1676,29,178,0
573,L,297.8,328.5555556,1351,49,181,0
574,L,297.9,328.5555556,1472,45,183,0
575,M,297.9,328.9259259,1439,41.7,185,0
576,M,297.9,328.5555556,1410,55.4,188,0
577,H,297.7,327.8148148,1440,51.1,191,0
578,L,297.7,327.8148148,1591,37.7,196,0
579,L,297.8,328.1851852,1533,36.8,198,0
580,M,297.8,327.8148148,1700,31.3,200,0
581,M,297.8,328.1851852,1798,25.5,203,0
582,L,297.8,327.8148148,1394,42.9,206,0
583,L,297.8,327.8148148,1341,49.2,208,0
584,H,297.7,327.4444444,1697,32.2,210,0
585,H,297.6,327.4444444,1419,48.2,215,0
586,L,297.6,327.0740741,2001,20.5,220,0
587,L,297.6,327.4444444,1501,49.8,222,1
588,H,297.6,327.0740741,1623,33.1,224,0
589,L,297.6,326.7037037,1628,33.4,229,0
590,L,297.6,326.7037037,1491,40.2,231,0
591,L,297.5,326.7037037,1517,36.7,233,0
592,H,297.5,326.3333333,1525,41.7,235,0
593,H,297.5,327.0740741,1668,27.9,240,0
594,L,297.5,327.4444444,1312,50.7,0,0
595,H,297.6,327.4444444,1278,50.4,2,0
596,M,297.6,327.4444444,1330,53.1,7,0
597,M,297.6,327.4444444,1530,37.3,10,0
598,H,297.6,327.4444444,1428,46.6,13,0
599,L,297.7,327.4444444,1480,47.9,18,0
600,H,297.7,327.8148148,1616,31.1,20,0
601,L,297.8,327.8148148,1547,37.3,25,0
602,L,297.9,327.8148148,2194,16.8,27,0
603,L,297.9,328.1851852,2000,21.3,29,0
604,L,297.9,328.1851852,1336,71.6,31,1
605,L,297.9,328.5555556,1542,33.8,33,0
606,M,297.9,328.1851852,1693,29.9,35,0
607,L,297.9,328.1851852,1461,50.5,38,0
608,M,298,328.5555556,1565,33.9,40,0
609,L,298,328.5555556,1403,47.7,43,0
610,L,298.1,328.5555556,1629,32.5,45,0
611,L,298.1,328.9259259,1534,33.7,47,0
612,L,298.1,328.9259259,1553,40.9,49,0
613,L,298.1,328.5555556,1563,32.8,51,0
614,L,298.1,328.5555556,1634,30,53,0
615,M,298,328.5555556,1445,45.2,55,0
616,L,298.1,328.5555556,1642,30.4,58,0
617,H,298.1,328.5555556,1686,29.1,60,0
618,M,298.1,328.9259259,1393,43.1,65,0
619,H,298.2,328.9259259,1433,44.2,68,0
620,L,298.3,328.9259259,1507,44.7,73,0
621,M,298.3,329.2962963,1389,49.6,75,0
622,L,298.3,329.2962963,1408,45.3,78,0
623,M,298.4,329.6666667,1725,32,80,0
624,L,298.4,329.2962963,1926,23.7,83,0
625,H,298.3,329.2962963,1509,37.6,85,0
626,L,298.3,329.2962963,1545,36.3,90,0
627,L,298.4,329.2962963,1533,35.2,92,0
628,L,298.4,329.2962963,1455,42.2,94,0
629,M,298.4,329.2962963,1335,57.8,96,0
630,L,298.3,329.2962963,1523,45.9,99,0
631,L,298.3,328.9259259,1460,47.6,101,0
632,L,298.4,328.9259259,1554,37.3,103,0
633,H,298.3,328.9259259,1419,47.1,105,0
634,L,298.3,328.9259259,1442,43.9,110,0
635,L,298.3,328.5555556,1507,41.6,112,0
636,L,298.3,328.9259259,1858,23.9,114,0
637,L,298.3,328.5555556,1463,43.9,116,0
638,L,298.2,327.8148148,1585,37.4,118,0
639,L,298,327.4444444,1536,37.3,120,0
640,L,298,327.4444444,1403,51.3,122,0
641,M,297.9,327.4444444,1515,38.8,124,0
642,L,297.9,327.0740741,1390,47.9,127,0
643,M,297.8,326.7037037,1226,58.7,129,0
644,M,297.8,326.7037037,1495,36.5,132,0
645,H,297.7,326.7037037,1608,30.2,135,0
646,L,297.7,326.7037037,1392,44.1,140,0
647,M,297.7,326.7037037,1461,43.7,142,0
648,L,297.7,326.3333333,1559,36.9,145,0
649,H,297.7,326.3333333,1400,48.9,147,0
650,M,297.7,325.962963,1732,28.8,152,0
651,L,297.6,325.962963,1611,33.1,155,0
652,L,297.6,325.5925926,1503,38.9,157,0
653,L,297.7,325.962963,1391,44.5,159,0
654,L,297.8,326.3333333,2015,20.1,161,0
655,L,297.8,325.962963,1683,30.9,163,0
656,L,297.7,325.5925926,1435,38.8,165,0
657,M,297.7,325.5925926,1732,28.1,167,0
658,L,297.7,325.962963,1365,58.6,170,0
659,L,297.7,325.5925926,1562,36.8,172,0
660,L,297.6,325.5925926,1449,49.1,174,0
661,M,297.7,325.962963,1700,27.4,176,0
662,M,297.6,325.2222222,1427,45.6,179,0
663,M,297.6,324.8518519,1479,38.1,182,0
664,L,297.5,324.8518519,1469,44,185,0
665,L,297.5,324.8518519,1390,47.4,187,0
666,L,297.5,324.8518519,1729,28.1,189,0
667,L,297.5,325.2222222,1470,43.5,191,0
668,L,297.5,324.8518519,1459,48.5,193,0
669,L,297.5,324.8518519,1738,24,195,0
670,H,297.5,324.8518519,1471,37.7,197,0
671,L,297.6,325.2222222,1822,25.4,202,0
672,L,297.5,324.8518519,1554,34.8,204,0
673,M,297.6,324.8518519,1433,43.2,206,0
674,L,297.6,324.8518519,1449,47.7,209,0
675,L,297.8,325.2222222,1456,41.2,0,0
676,M,297.8,325.5925926,1424,45.5,2,0
677,H,297.9,325.962963,1577,34.7,5,0
678,L,297.9,325.962963,1478,39.7,10,0
679,M,297.8,325.962963,1295,61.2,12,0
680,L,297.8,325.962963,1372,47.3,15,0
681,M,297.8,325.5925926,1432,42.6,17,0
682,M,297.7,325.2222222,1656,33.2,20,0
683,H,297.8,325.2222222,1410,48.8,23,0
684,L,297.7,325.2222222,1874,24.4,28,0
685,L,297.7,325.2222222,1538,43.2,30,0
686,M,297.7,325.2222222,1636,29.7,32,0
687,M,297.7,325.2222222,1504,40.4,35,0
688,M,297.7,325.2222222,1531,42.4,38,0
689,H,297.6,325.2222222,1735,26.4,41,0
690,H,297.6,325.2222222,1354,55.6,46,0
691,H,297.6,325.2222222,1413,40.2,51,0
692,L,297.7,325.5925926,1563,39.3,56,0
693,L,297.7,325.5925926,1479,42.1,58,0
694,L,297.7,325.5925926,1477,38.3,60,0
695,L,297.6,325.5925926,1394,50,62,0
696,L,297.6,325.2222222,1487,45.4,64,0
697,M,297.6,325.2222222,1815,25.3,66,0
698,M,297.6,324.4814815,1453,39.7,69,0
699,L,297.6,324.4814815,1539,40.2,72,0
700,H,297.5,324.1111111,1416,39.2,74,0
701,M,297.6,324.4814815,1683,31.6,79,0
702,L,297.7,324.4814815,1515,40.1,82,0
703,M,297.7,324.8518519,1531,48.3,84,0
704,H,297.7,324.8518519,1479,40.9,87,0
705,L,297.7,324.8518519,1516,33.7,92,0
706,L,297.7,325.2222222,1507,38.2,94,0
707,M,297.8,325.2222222,1434,43.3,96,0
708,L,297.7,324.8518519,1838,27.3,99,0
709,M,297.6,324.4814815,1416,45.9,101,0
710,M,297.6,324.4814815,1357,49.7,104,0
711,M,297.5,324.1111111,1697,28.1,107,0
712,L,297.5,324.1111111,1443,46.2,110,0
713,L,297.5,324.1111111,1453,37.6,112,0
714,L,297.4,323.7407407,1439,46.4,114,0
715,L,297.4,323.7407407,1609,36.2,116,0
716,L,297.4,323.7407407,1324,59.1,118,0
717,H,297.4,323.7407407,1420,45.8,120,0
718,L,297.4,324.1111111,1545,36.9,125,0
719,L,297.5,324.4814815,1477,39,127,0
720,L,297.4,324.4814815,1447,58.1,129,0
721,L,297.4,324.8518519,1809,23.8,131,0
722,L,297.5,324.8518519,1696,30.9,133,0
723,L,297.5,324.8518519,1427,44.7,135,0
724,M,297.4,324.8518519,1500,46.3,137,0
725,L,297.5,324.8518519,1390,44.6,140,0
726,L,297.4,324.4814815,1640,34.2,142,0
727,M,297.4,324.4814815,1628,37.4,144,0
728,H,297.3,323.7407407,1499,37.6,147,0
729,M,297.4,324.1111111,1425,50.3,152,0
730,L,297.3,323.7407407,1586,37.7,155,0
731,M,297.3,323.7407407,1471,50.7,157,0
732,M,297.3,323.7407407,1431,53,160,0
733,L,297.2,323.7407407,1924,22.1,163,0
734,M,297.1,323,1421,42,165,0
735,H,297,323,1305,54.6,168,0
736,L,296.9,323,1557,32.4,173,0
737,L,296.9,322.6296296,1555,38.2,175,0
738,H,296.9,322.6296296,1474,39.2,177,0
739,L,296.8,322.6296296,1506,45.9,182,0
740,L,296.9,323,1390,41.8,184,0
741,M,296.9,323,1450,46.9,186,0
742,L,296.9,322.6296296,1513,38.8,189,0
743,L,296.8,322.2592593,1643,34.7,191,0
744,L,296.8,322.2592593,1361,53.8,193,0
745,L,296.7,321.8888889,1450,40.9,195,0
746,L,296.7,321.5185185,1451,50.7,197,0
747,L,296.8,321.8888889,1289,62,199,1
748,L,296.8,321.8888889,1356,48.3,201,0
749,H,296.7,321.8888889,1528,46.3,203,0
750,L,296.6,321.5185185,1978,22.3,208,0
751,L,296.7,321.5185185,1535,36.8,210,0
752,M,296.8,321.8888889,1843,24.2,212,0
753,L,296.9,321.8888889,1422,48.7,215,0
754,L,296.8,321.5185185,1536,40.4,217,0
755,M,296.9,321.8888889,1483,44.3,219,0
756,H,296.8,321.8888889,1492,43.7,222,0
757,L,296.8,321.5185185,1584,40.4,227,0
758,L,296.9,321.8888889,1555,33.7,229,0
759,L,296.8,321.5185185,1497,41.7,231,0
760,M,296.7,320.7777778,1537,36.3,233,0
761,L,296.7,320.7777778,1505,39.4,236,0
762,L,296.7,320.7777778,1646,34.6,238,0
763,M,296.7,320.7777778,1286,60.5,0,0
764,L,296.7,320.7777778,1400,47.5,3,0
765,L,296.8,321.1481481,1337,56.5,5,0
766,L,296.9,321.5185185,1332,53.9,7,0
767,L,296.8,321.5185185,1561,38.3,9,0
768,L,296.9,321.5185185,1546,31.1,11,0
769,L,296.9,321.5185185,1713,29.3,13,0
770,L,296.9,321.5185185,1343,44.5,15,0
771,L,296.8,321.5185185,1391,54.4,17,0
772,H,296.8,321.5185185,1311,58.6,19,0
773,H,296.8,321.5185185,1453,51,24,0
774,L,296.8,321.5185185,1510,39.4,29,0
775,L,296.8,321.1481481,1448,48.8,31,0
776,L,296.7,320.7777778,1453,46,33,0
777,L,296.7,320.7777778,1468,39.2,35,0
778,L,296.7,320.7777778,1382,47.5,37,0
779,L,296.7,321.5185185,1580,32.2,39,0
780,L,296.8,321.5185185,1666,29.8,41,0
781,M,296.9,321.5185185,1409,50.7,43,0
782,L,296.8,321.5185185,1675,29.7,46,0
783,L,296.8,321.1481481,1698,30.8,48,0
784,H,296.7,321.1481481,1579,33.4,50,0
785,L,296.7,321.1481481,1743,27.9,55,0
786,M,296.9,321.5185185,1497,44.8,57,0
787,L,296.9,321.8888889,1741,28.8,60,0
788,L,296.9,321.8888889,1435,45.3,62,0
789,M,296.9,321.8888889,1440,46.3,64,0
790,M,296.9,321.5185185,1641,33.3,67,0
791,L,296.8,321.1481481,1420,45.4,70,0
792,L,296.8,321.1481481,1611,35.4,72,0
793,L,296.8,320.7777778,1373,42.9,74,0
794,M,296.8,321.1481481,1683,31.8,76,0
795,H,296.9,321.1481481,1547,32.6,79,0
796,L,296.9,320.7777778,1605,37,84,0
797,M,296.9,321.1481481,2010,18.9,86,0
798,L,296.8,320.4074074,1565,40.1,89,0
799,M,296.9,320.7777778,1828,24.6,91,0
800,M,297,320.7777778,1579,34.1,94,0
801,M,297,321.1481481,1882,24.2,97,0
802,L,296.9,320.7777778,1285,52.1,100,0
803,L,296.9,320.7777778,1571,35,102,0
804,H,296.9,320.7777778,1549,37.8,104,0
805,M,296.9,320.7777778,1544,37.6,109,0
806,M,297,321.1481481,1412,47.4,112,0
807,M,297,321.1481481,1422,53,115,0
808,L,297,320.4074074,1867,22.8,118,0
809,L,296.9,320.4074074,1424,43.3,120,0
810,L,296.9,320.037037,1452,45.7,122,0
811,L,296.9,320.4074074,1550,39.7,124,0
812,L,296.8,320.037037,1588,37.6,126,0
813,L,296.8,320.037037,1338,44.4,128,0
814,L,296.8,320.037037,1513,40,130,0
815,M,296.8,319.6666667,1470,45.9,132,0
816,M,296.8,319.6666667,1516,36.7,135,0
817,L,296.8,320.037037,1434,48.3,138,0
818,L,296.8,320.037037,1368,52,140,0
819,L,296.8,320.037037,1304,48.7,142,0
820,L,296.8,320.037037,1398,46.7,144,0
821,L,296.7,320.037037,1516,37.4,146,0
822,L,296.7,320.037037,1474,41.7,148,0
823,M,296.7,320.037037,1547,34.7,150,0
824,M,296.6,319.6666667,1482,39.9,153,0
825,L,296.6,319.2962963,1436,42.8,156,0
826,L,296.6,318.9259259,1474,40,158,0
827,L,296.5,318.5555556,1481,38.2,160,0
828,L,296.5,318.9259259,1501,42.1,162,0
829,L,296.5,318.9259259,1566,37.2,164,0
830,L,296.5,318.9259259,1579,34.5,166,0
831,L,296.6,319.2962963,1631,35,168,0
832,M,296.6,319.2962963,1544,42.3,170,0
833,L,296.6,319.2962963,1521,38.6,173,0
834,L,296.6,319.2962963,1616,28,175,0
835,H,296.6,319.2962963,1333,50.2,177,0
836,M,296.7,319.2962963,1533,32.5,182,0
837,L,296.6,319.2962963,1368,45.1,185,0
838,L,296.6,319.2962963,1465,47.8,187,0
839,H,296.6,319.2962963,1406,41.5,189,0
840,M,296.5,319.2962963,1565,43.5,194,0
841,L,296.6,319.6666667,1582,37.9,197,0
842,L,296.6,319.6666667,1439,45.5,199,0
843,M,296.6,319.6666667,1566,35,201,0
844,L,296.6,319.6666667,1485,42.7,204,0
845,L,296.5,319.6666667,1566,35.1,206,0
846,L,296.3,318.9259259,1439,41.5,208,0
847,M,296.4,319.2962963,1416,50,210,0
848,L,296.4,319.2962963,2833,5.6,213,1
849,L,296.3,319.2962963,1465,47.1,215,0
850,H,296.4,319.2962963,1586,35.5,0,0
851,L,296.3,318.9259259,1567,31.4,5,0
852,M,296.2,318.5555556,1389,48.6,7,0
853,M,296.3,318.9259259,1368,49.5,10,0
854,L,296.3,318.9259259,1444,49,13,0
855,M,296.3,318.9259259,1498,41.6,15,0
856,L,296.1,318.5555556,1615,30.8,18,0
857,L,296.1,318.1851852,1898,22.7,20,0
858,M,296.1,318.1851852,1350,53.3,22,0
859,M,296.2,317.8148148,1516,37.6,25,0
860,H,296.2,317.8148148,1542,40.6,28,0
861,H,296.1,317.4444444,1541,32.6,33,0
862,M,296.1,317.4444444,1951,23.3,38,0
863,H,296.1,317.0740741,1645,31,41,0
864,L,296,316.7037037,1416,44.2,46,0
865,M,296,316.7037037,2044,22.3,48,0
866,L,295.9,316.3333333,1414,50.2,51,0
867,L,295.9,316.3333333,1678,26.7,53,0
868,H,295.9,315.962963,1594,33.2,55,0
869,M,295.8,315.962963,1514,37.7,60,0
870,L,295.8,315.962963,1358,49.2,63,0
871,L,295.8,315.5925926,1325,56.2,65,0
872,L,295.8,315.5925926,1339,53.2,67,0
873,M,295.8,315.5925926,1335,51.7,69,0
874,L,295.9,315.5925926,1892,21.7,72,0
875,L,295.9,315.5925926,1575,28.5,74,0
876,M,295.8,315.2222222,1444,45.5,76,0
877,L,295.7,315.2222222,1915,22.4,79,0
878,M,295.6,314.8518519,1584,33.6,81,0
879,M,295.7,315.2222222,1685,34.9,84,0
880,L,295.8,315.2222222,1337,54.6,87,0
881,M,295.8,315.2222222,1235,76.2,89,1
882,L,295.7,314.8518519,1464,46.2,92,0
883,M,295.7,314.8518519,1739,25.9,94,0
884,L,295.7,315.2222222,1490,34.3,97,0
885,L,295.8,315.5925926,1356,48,99,0
886,L,295.7,314.8518519,1397,52,101,0
887,L,295.7,314.8518519,1458,40.6,103,0
888,H,295.7,314.8518519,2161,16.5,105,0
889,M,295.6,314.4814815,1651,28.1,110,0
890,L,295.6,314.4814815,1389,46.2,113,0
891,L,295.6,314.1111111,1370,52.4,115,0
892,L,295.7,314.4814815,1408,47.9,117,0
893,L,295.7,314.4814815,1343,54.4,119,0
894,M,295.7,314.8518519,1423,42.5,121,0
895,L,295.6,314.8518519,1426,48.6,124,0
896,M,295.6,314.8518519,1435,51.6,126,0
897,L,295.5,314.4814815,1573,35.1,129,0
898,L,295.6,314.8518519,1612,31.2,131,0
899,L,295.6,314.8518519,1446,49.9,133,0
900,H,295.6,314.8518519,1329,55.3,135,0
901,L,295.6,314.8518519,1569,35.1,140,0
902,H,295.6,314.4814815,1256,62.3,142,0
903,L,295.6,314.4814815,1383,48.7,147,0
904,L,295.7,314.8518519,2270,14.6,149,1
905,H,295.7,314.8518519,1458,49.8,151,0
906,L,295.6,314.4814815,1474,41.2,156,0
907,M,295.6,314.4814815,1462,49.2,158,0
908,M,295.6,314.4814815,1669,29,161,0
909,M,295.5,314.4814815,1822,24.3,164,0
910,L,295.5,314.1111111,1456,39.2,167,0
911,L,295.5,314.1111111,1546,35.9,169,0
912,M,295.6,314.4814815,1490,42.7,171,0
913,L,295.6,314.1111111,1569,40.4,174,0
914,L,295.5,314.1111111,1621,29.5,176,0
915,M,295.4,313.7407407,1518,40.6,178,0
916,M,295.4,313.3703704,1526,38.2,181,0
917,M,295.3,313.3703704,1589,36.2,184,0
918,L,295.3,313,1475,51,187,0
919,M,295.3,313,1473,38.5,189,0
920,L,295.4,313.3703704,1407,50.7,192,0
921,M,295.5,313.7407407,1518,44.1,194,0
922,H,295.5,313.7407407,1593,37.2,197,0
923,M,295.5,313.7407407,1380,52.4,202,0
924,M,295.5,314.1111111,1423,45.3,205,0
925,L,295.5,314.1111111,1800,27.6,208,0
926,H,295.6,314.4814815,1623,30.9,210,0
927,L,295.6,314.4814815,1372,55.6,215,1
928,H,295.6,314.1111111,1396,52.4,0,0
929,L,295.6,314.1111111,1949,21.9,5,0
930,L,295.6,314.1111111,1419,51.1,7,0
931,M,295.5,313.7407407,1453,47.3,9,0
932,L,295.5,313.7407407,1542,36.2,12,0
933,L,295.6,314.1111111,1363,50,14,0
934,L,295.5,314.1111111,1597,37.2,16,0
935,M,295.5,314.1111111,1326,50.8,18,0
936,M,295.5,314.1111111,1641,36.6,21,0
937,M,295.6,314.4814815,1418,46.2,24,0
938,L,295.6,314.8518519,1263,61.8,27,0
939,L,295.6,314.8518519,1823,25.8,29,0
940,L,295.5,314.4814815,1488,40.7,31,0
941,L,295.6,314.8518519,1443,48.9,33,0
942,L,295.6,314.8518519,1650,28.2,35,0
943,M,295.7,315.2222222,1462,44.3,37,0
944,M,295.6,314.8518519,1477,45,40,0
945,M,295.7,315.2222222,1712,28.5,43,0
946,M,295.7,315.2222222,1347,50.4,46,0
947,L,295.6,314.8518519,1287,54.8,49,0
948,L,295.6,314.8518519,1428,44.5,51,0
949,M,295.6,315.2222222,1426,45.5,53,0
950,L,295.6,315.2222222,1636,32.7,56,0
951,L,295.6,314.8518519,1424,42.5,58,0
952,H,295.6,315.2222222,1509,35.8,60,0
953,L,295.5,314.8518519,1448,48.9,65,0
954,L,295.5,314.4814815,1650,32.8,67,0
955,H,295.6,314.8518519,1414,42.5,69,0
956,L,295.6,315.2222222,1911,20.9,74,0
957,H,295.6,314.8518519,1632,32.2,76,0
958,M,295.7,315.5925926,1387,40.1,81,0
959,L,295.8,315.5925926,1399,47.6,84,0
960,L,295.8,315.962963,1505,35.2,86,0
961,L,295.8,315.962963,1534,37.9,88,0
962,L,295.8,315.962963,1493,40.5,90,0
963,M,295.8,316.3333333,1480,43.2,92,0
964,L,295.8,316.3333333,1621,31.6,95,0
965,L,295.7,315.962963,1737,26.2,97,0
966,L,295.8,316.3333333,1508,46.5,99,0
967,M,295.8,315.962963,1641,32.2,101,0
968,M,295.9,316.3333333,1532,38.6,104,0
969,L,295.9,316.7037037,1547,40.9,107,0
970,L,295.9,316.3333333,1412,41,109,0
971,L,295.8,315.962963,1568,35.1,111,0
972,L,295.9,316.3333333,1557,41.1,113,0
973,L,295.8,316.3333333,1644,35.2,115,0
974,L,295.9,316.3333333,1679,30.4,117,0
975,L,296,316.3333333,1511,35.2,119,0
976,M,296,316.3333333,1628,36.8,121,0
977,M,296,316.3333333,1392,51.3,124,0
978,L,296,316.7037037,1917,21,127,0
979,M,296.2,317.0740741,1526,42.3,129,0
980,L,296.2,317.0740741,1389,53.3,132,0
981,L,296.1,316.7037037,1409,42.8,134,0
982,L,296.2,317.0740741,1655,31.1,136,0
983,L,296.2,317.4444444,1516,39.1,138,0
984,L,296.2,317.4444444,1526,34.9,140,0
985,L,296.3,318.1851852,1419,48.6,142,0
986,L,296.4,318.5555556,1748,25.3,144,0
987,H,296.4,318.1851852,1638,32.5,146,0
988,M,296.3,318.1851852,1534,33.8,151,0
989,H,296.3,318.1851852,1774,25.9,154,0
990,M,296.2,317.8148148,2119,18.3,159,0
991,L,296.2,317.8148148,1414,48.3,162,0
992,M,296.1,317.8148148,1523,42,164,0
993,L,296.1,318.1851852,1651,35.7,167,0
994,M,296.1,318.1851852,1485,36,169,0
995,M,296.2,318.5555556,1168,63.4,172,0
996,L,296.3,318.9259259,1566,35.8,175,0
997,M,296.3,318.5555556,1286,51.1,177,0
998,M,296.3,318.5555556,1446,45.9,180,0
